{"cameraMode":{"drawMode":0,"name":"Shaded","section":"Shading Mode"},"sceneLighting":false,"audioPlay":false,"sceneViewState":{"m_AlwaysRefresh":false,"showFog":true,"showSkybox":false,"showFlares":true,"showImageEffects":true,"showParticleSystems":true,"showVisualEffectGraphs":true,"m_FxEnabled":true},"in2DMode":false,"pivot":{"x":29.118568420410158,"y":-1.6750001907348633,"z":-0.014116525650024414},"rotation":{"x":-0.0048084016889333729,"y":-0.020401258021593095,"z":0.00009834631055127829,"w":-0.9997876286506653},"size":11.8212890625,"orthographic":true}